"","st_fips","cty_fips","pop","mcare_elig","unemp","pct_pov","median_inc","mcare_enroll","year","uninsured"
"1",12,1,249365,32874,7.7,23.5,39825,28788,2011,20.4
"2",12,3,27154,3926,9.9,18.6,42564,2780,2011,17.9
"3",12,5,169856,30373,10,14.4,44204,25284,2011,21
"4",12,7,28255,4786,8.8,23.1,39271,3306,2011,20
"5",12,9,543566,122311,11.1,14.2,46494,104718,2011,20.5
"6",12,11,1780172,255947,9.2,14.9,48478,221940,2011,26
"7",12,13,14750,2518,9.5,25.9,32395,1948,2011,22.8
"8",12,15,160511,50912,10.8,13.2,41346,41156,2011,22.6
"9",12,17,140031,48166,11.9,17.3,35041,38111,2011,22.5
"10",12,19,192370,29133,9.3,10.9,54867,21432,2011,17
"11",12,21,328134,72238,10.3,16.2,51039,68035,2011,28.6
"12",12,23,67485,12780,9.7,21.7,36452,10263,2011,21.9
"13",12,27,34894,5824,9.9,31,32753,4738,2011,32.8
"14",12,29,16486,3687,12.8,25.2,30801,2660,2011,21.5
"15",12,31,870709,121947,10.6,17.7,45995,98531,2011,19.3
"16",12,33,299114,56142,10.1,18.5,41072,44753,2011,20.9
"17",12,35,97376,26245,14.1,14.7,47095,22058,2011,22.7
"18",12,37,11596,2281,7.9,22.3,35288,1840,2011,23.3
"19",12,39,46151,8357,10.3,25.2,34154,6325,2011,23.8
"20",12,41,17004,3227,9.8,19.5,38046,2598,2011,24
"21",12,43,12635,1907,10.2,22.2,38825,965,2011,32.9
"22",12,45,15844,2985,10.2,23.2,37373,2562,2011,21.5
"23",12,47,14671,2487,11.3,31.9,29482,1974,2011,20.9
"24",12,49,27887,3729,10.3,31.8,33058,3025,2011,32.6
"25",12,51,39089,4684,14.4,29.6,35247,4018,2011,35
"26",12,53,173094,48954,13.4,16.6,40411,42497,2011,22.2
"27",12,55,98630,28666,10.4,18.8,33692,25537,2011,28
"28",12,57,1267775,175916,10.5,17.6,46592,143730,2011,23.3
"29",12,59,19873,4435,8.2,26.1,33211,3253,2011,22.8
"30",12,61,138894,37816,12.6,13.9,42053,34011,2011,25
"31",12,63,49292,10108,8.1,20.5,35193,8138,2011,19.3
"32",12,65,14658,2889,8.9,18.7,40252,2304,2011,22.4
"33",12,67,8942,908,8.1,23.8,40407,730,2011,26.8
"34",12,69,301019,76655,11.2,13.9,44965,103640,2011,21.2
"35",12,71,631330,136497,11.1,15.3,45515,119852,2011,26.2
"36",12,73,277971,31368,8,22.7,44857,25763,2011,18.8
"37",12,75,40156,9657,11.3,22,33544,6890,2011,26.3
"38",12,77,8314,1174,8.3,23.5,37446,860,2011,20.5
"39",12,79,19115,3723,11.5,25.9,31578,2974,2011,22.9
"40",12,81,327142,72442,10.8,15.9,43494,57339,2011,24.5
"41",12,83,332529,92672,12.3,17.6,36425,80038,2011,24.2
"42",12,85,147495,37104,10.8,12.7,50417,34213,2011,21.8
"43",12,86,2554766,383142,11.3,20.9,40476,340128,2011,34.4
"44",12,87,73873,13100,6.4,13.8,51152,11412,2011,27.5
"45",12,89,74195,14284,9.6,11.4,54706,11772,2011,18.9
"46",12,91,183482,30673,7.4,13.7,49643,26638,2011,19.1
"47",12,93,40140,7033,11.7,26.1,33806,6433,2011,29.3
"48",12,95,1169107,134884,10.3,18.5,44635,112708,2011,24.5
"49",12,97,276163,37929,11.6,16,40933,33204,2011,26.4
"50",12,99,1335187,263061,10.8,15.8,48973,243997,2011,25.4
"51",12,101,466457,102140,12,15.7,40859,82895,2011,21
"52",12,103,917398,201071,10.5,15,42761,172133,2011,23
"53",12,105,609492,119134,11.6,19.2,40258,93793,2011,23.4
"54",12,107,74041,16819,11.9,27.9,31150,12879,2011,23.4
"55",12,109,195823,34953,8.5,9.4,63299,31390,2011,15.4
"56",12,111,280379,58481,13,20.3,41384,47391,2011,27
"57",12,113,154104,24704,9.1,11.3,53155,19946,2011,18.4
"58",12,115,382213,109439,10.7,11.7,47457,111754,2011,22.9
"59",12,117,425071,58997,9.7,11.5,54449,45457,2011,20.1
"60",12,119,97756,44870,8.5,14.5,44595,8638,2011,18.2
"61",12,121,41972,9651,9.3,24.7,34947,7637,2011,23.8
"62",12,123,22691,4161,10.9,22.7,33863,3193,2011,20.2
"63",12,125,15388,1749,8.2,25.3,40743,1318,2011,19.7
"64",12,127,494804,114994,10.8,17.4,38477,99419,2011,22.3
"65",12,129,30978,4328,8.3,14.6,50716,4249,2011,18
"66",12,131,55793,10104,7.1,14.3,44763,6868,2011,23.7
"67",12,133,24935,5008,10.9,24.3,35004,3434,2011,22.3
"68",12,1,251417,34339,6.6,26.6,41297,30233,2012,20.4
"69",12,3,27086,4063,7.8,18.8,45721,2892,2012,17
"70",12,5,171903,31841,8.3,16.5,45259,26589,2012,19.6
"71",12,7,27049,4912,7.2,23.1,38680,3435,2012,19.3
"72",12,9,547307,126864,9.2,14.8,46332,108620,2012,19.9
"73",12,11,1815137,265352,7.4,15.2,49564,229981,2012,25.9
"74",12,13,14723,2570,8.1,24,33418,1992,2012,21.5
"75",12,15,162449,52998,8.8,13.8,44454,42979,2012,22
"76",12,17,139360,49147,9.8,18.7,38937,38987,2012,21.3
"77",12,19,194345,30956,7.6,10.9,56359,22726,2012,17.2
"78",12,21,332427,75607,8.5,14.2,54475,71298,2012,27.9
"79",12,23,67966,13193,8.1,23.4,37091,10640,2012,20.7
"80",12,27,34712,6026,9.2,30.2,33602,4917,2012,31.8
"81",12,29,16126,3717,10.9,27.3,31913,2731,2012,20.3
"82",12,31,879602,127930,8.8,18,43835,103696,2012,19.3
"83",12,33,302715,58370,8.4,17.8,44539,46530,2012,19.8
"84",12,35,98359,27612,11.6,15.3,44460,23290,2012,22
"85",12,37,11686,2362,6.7,24.5,37868,1929,2012,21.4
"86",12,39,46528,8656,9.1,26.7,35854,6561,2012,23.4
"87",12,41,16815,3298,8,22,38016,2679,2012,21.5
"88",12,43,13107,2000,9.1,26.3,37004,1009,2012,31.9
"89",12,45,15718,3040,8.5,24.4,34940,2676,2012,22
"90",12,47,14708,2555,10.3,28.9,32232,2054,2012,20.6
"91",12,49,27514,3823,9.2,28.2,34012,3111,2012,29.6
"92",12,51,37447,4833,13.7,26.9,36515,4128,2012,33.1
"93",12,53,173422,50047,10.9,18.5,37093,43567,2012,21.2
"94",12,55,98128,28920,9.3,22,34722,25832,2012,26
"95",12,57,1277746,184169,8.5,19.1,46534,150630,2012,21.6
"96",12,59,19804,4529,7.1,22.9,36272,3333,2012,20.5
"97",12,61,140567,39180,10.6,16.1,42638,35320,2012,24.7
"98",12,63,48968,10369,7.1,21.4,34978,8297,2012,18.7
"99",12,65,14256,3028,7.9,21.3,38244,2411,2012,20.3
"100",12,67,8804,942,7.4,26.4,34054,764,2012,27.2
"101",12,69,303186,79743,9,15.6,41579,109755,2012,20.5
"102",12,71,645293,144273,8.9,15.3,46396,126418,2012,25.8
"103",12,73,283769,33119,7.2,21.2,46014,27551,2012,17.6
"104",12,75,40025,9979,9.5,22.7,32815,7179,2012,24
"105",12,77,8276,1213,7.2,26,37726,883,2012,20.7
"106",12,79,18907,3780,10.1,25.6,31469,3042,2012,21.8
"107",12,81,333895,76066,8.6,15.5,46999,60118,2012,23.4
"108",12,83,335125,95234,10,18.6,37287,82216,2012,24.8
"109",12,85,148817,38316,8.8,14.6,47120,35228,2012,21.8
"110",12,86,2591035,394991,9.3,20.8,41311,350541,2012,33.2
"111",12,87,74809,14032,5,14,52152,12237,2012,26.9
"112",12,89,74629,15179,7.7,13,55367,12627,2012,17.5
"113",12,91,190083,32094,6.2,13.2,52381,27889,2012,17.6
"114",12,93,39467,7251,10.2,25.7,34742,6615,2012,29.3
"115",12,95,1202234,142082,8.3,18.1,45565,118843,2012,24.4
"116",12,97,287416,40693,9.3,19.5,42743,35930,2012,24.9
"117",12,99,1356545,271316,8.8,14.5,51217,251243,2012,25.4
"118",12,101,470391,105697,9.9,13.4,42695,85722,2012,20.7
"119",12,103,921319,207400,8.5,14.1,44819,177455,2012,21.7
"120",12,105,616158,123620,9.8,18.1,41337,97110,2012,23.2
"121",12,107,73263,17074,11.2,25.7,33593,13118,2012,23.7
"122",12,109,202188,37295,6.9,9.5,62112,33991,2012,14.6
"123",12,111,283866,60870,11.1,17.5,41934,49483,2012,25
"124",12,113,158512,26028,7.7,12.3,59854,21081,2012,16.8
"125",12,115,386147,113420,8.6,12.7,48239,115983,2012,22.6
"126",12,117,430838,62275,7.8,12.6,54901,48323,2012,19.8
"127",12,119,101620,49225,7.4,13.7,47017,9948,2012,19.1
"128",12,121,43656,9894,7.7,28.1,34434,7854,2012,23.7
"129",12,123,22744,4296,9.3,24.2,36257,3324,2012,19.3
"130",12,125,15212,1820,7.3,26.2,39486,1378,2012,19.5
"131",12,127,496950,118912,8.8,19.7,40114,103047,2012,21.2
"132",12,129,30818,4523,7.1,16.1,46773,4419,2012,17.1
"133",12,131,57582,10736,5.6,18.2,40239,7365,2012,24
"134",12,133,24892,5111,9.4,22.6,36560,3502,2012,19.9
"135",12,1,253451,35957,5.4,25.7,39614,31753,2013,19.2
"136",12,3,27013,4181,6.7,18.8,46505,3012,2013,17
"137",12,5,174987,32966,6.8,18,45249,27725,2013,19.2
"138",12,7,26850,5057,5.7,21.8,40668,3518,2013,18.9
"139",12,9,550823,130989,7.9,15,46677,112108,2013,20
"140",12,11,1838844,273942,6.1,15.2,50343,237962,2013,25.8
"141",12,13,14682,2616,6.8,23.8,33977,2029,2013,20.5
"142",12,15,164736,55155,7.2,14.4,43611,44761,2013,23.3
"143",12,17,139271,50224,8.4,17.3,39285,39787,2013,21.5
"144",12,19,196399,32589,6.3,9.9,57991,23925,2013,16.8
"145",12,21,339642,78834,6.9,13.4,55584,74390,2013,29.9
"146",12,23,67543,13481,6.7,18.8,41722,10939,2013,20.4
"147",12,27,34517,6155,7.6,33.9,33198,5020,2013,37.1
"148",12,29,15940,3794,8.9,27.1,31649,2794,2013,20.6
"149",12,31,885855,133112,7.4,17.1,47876,108436,2013,19.4
"150",12,33,305817,60291,7.3,17.6,42742,48018,2013,18.6
"151",12,35,99956,28950,10.2,14.5,47872,24534,2013,22.2
"152",12,37,11598,2470,5.7,25.9,33471,2011,2013,26.4
"153",12,39,46194,8900,7.6,25.3,34348,6739,2013,22.9
"154",12,41,16931,3404,6.8,21.9,39854,2748,2013,24.4
"155",12,43,13345,2098,7.9,24.1,39003,1050,2013,34.2
"156",12,45,15829,3128,7,22.4,38880,2771,2013,23
"157",12,47,14354,2614,8.8,29.2,33836,2114,2013,20.2
"158",12,49,27519,3953,8.1,28.8,34884,3208,2013,30.9
"159",12,51,37471,4962,11.5,25.1,37085,4241,2013,33.3
"160",12,53,174441,51412,9,15.6,39280,44628,2013,22.3
"161",12,55,97616,29403,8.3,20.1,34054,26158,2013,28
"162",12,57,1291578,191996,7,16.8,49510,157224,2013,20.5
"163",12,59,19717,4607,6.1,27.5,33220,3392,2013,21.5
"164",12,61,141994,40833,9.1,14.1,44326,36753,2013,26.5
"165",12,63,48922,10537,5.9,26.3,36332,8526,2013,18
"166",12,65,14194,3129,6.2,19.6,39494,2496,2013,20
"167",12,67,8848,977,6.6,25.2,37120,779,2013,28
"168",12,69,308034,82644,7.5,14.5,44244,114525,2013,21.3
"169",12,71,661115,151492,7.1,16.3,46605,133035,2013,27
"170",12,73,281845,34844,6,21.7,46975,29075,2013,17.3
"171",12,75,39644,10250,8.1,23.6,33193,7406,2013,26.3
"172",12,77,8349,1242,6,27.7,36561,907,2013,22.4
"173",12,79,18728,3860,9,28.9,30391,3109,2013,20.3
"174",12,81,342106,79329,7.1,16,48066,62977,2013,24.5
"175",12,83,337362,97795,8.3,19.6,38783,84300,2013,24.2
"176",12,85,151263,39575,7.6,13.5,51159,36385,2013,23.1
"177",12,86,2617176,407225,8.4,21,41840,361344,2013,33.1
"178",12,87,76351,14734,4.2,16.8,50380,12906,2013,27.5
"179",12,89,75710,16029,6.2,13.4,56987,13353,2013,17.3
"180",12,91,193811,33560,5.2,13.4,54265,29129,2013,19.1
"181",12,93,39330,7414,8.7,25.7,35954,6766,2013,28.8
"182",12,95,1225267,149595,6.8,18.2,46675,124772,2013,24.1
"183",12,97,298504,43436,7.5,20.7,41592,38537,2013,26.6
"184",12,99,1372171,278375,7.3,15,51768,257959,2013,25.4
"185",12,101,475502,108983,8.1,13.5,45454,88255,2013,21
"186",12,103,929048,212605,7.1,15.1,43773,181887,2013,21.9
"187",12,105,623009,127835,8.2,19.3,42447,100151,2013,23.8
"188",12,107,72577,17372,9.4,26.9,32852,13293,2013,24.5
"189",12,109,209647,39784,5.6,9.6,66312,36577,2013,15.6
"190",12,111,286832,63168,9.7,19,42825,51581,2013,25.6
"191",12,113,161096,27259,6.6,13.8,54876,22160,2013,18.3
"192",12,115,390429,117242,7,13,48717,120225,2013,23.2
"193",12,117,436041,65475,6.4,12.9,55195,50960,2013,19.4
"194",12,119,107056,53767,5.9,12,52670,12526,2013,18.2
"195",12,121,43734,10128,6.6,24.6,35666,8008,2013,24.1
"196",12,123,22857,4427,8.2,23.9,38370,3415,2013,19.5
"197",12,125,15136,1909,6.1,23.8,40841,1465,2013,16.1
"198",12,127,500800,122779,7.3,16.6,40908,106383,2013,24
"199",12,129,31022,4769,5.9,15.9,47430,4588,2013,18
"200",12,131,59807,11351,4.5,19.3,45357,7889,2013,24.4
"201",12,133,24624,5185,8.2,23.4,35671,3567,2013,20.1
"202",12,1,256380,37434,5.2,21.6,44325,33346,2014,16.6
"203",12,3,27093,4282,6.3,19.6,47121,3156,2014,15.4
"204",12,5,178985,34191,6.3,15.6,44800,28865,2014,18.7
"205",12,7,26702,5151,5.6,22.6,39980,3601,2014,17.1
"206",12,9,556885,135515,6.9,14.5,47973,116137,2014,17.7
"207",12,11,1869235,282197,5.8,14.5,51485,245630,2014,20.8
"208",12,13,14532,2647,6.9,22.3,35256,2072,2014,19.8
"209",12,15,168474,57516,6.7,11.9,43242,46643,2014,20.7
"210",12,17,139377,51527,8.5,20.1,36383,40738,2014,18.6
"211",12,19,199798,34150,5.7,10.9,58539,25127,2014,14.3
"212",12,21,348777,82582,5.9,14.3,58403,77965,2014,26.5
"213",12,23,67857,13813,6.5,21.7,38484,11248,2014,17
"214",12,27,35012,6387,7.1,29.7,36945,5201,2014,30.8
"215",12,29,15907,3868,7.5,27.1,32121,2893,2014,18.9
"216",12,31,897698,138506,6.7,18.2,46013,113201,2014,15.6
"217",12,33,310659,61972,6.3,15.3,46139,49496,2014,15.8
"218",12,35,102408,30461,7.5,11.6,51556,25966,2014,18.6
"219",12,37,11815,2548,5.5,25.3,36788,2094,2014,18.9
"220",12,39,46281,9189,8,25.6,35849,6969,2014,20
"221",12,41,16997,3520,6.5,19.8,40788,2845,2014,22.1
"222",12,43,13635,2213,7.2,21.1,38783,1118,2014,28.2
"223",12,45,15944,3287,6,23.1,38419,2909,2014,18.9
"224",12,47,14048,2650,7.8,31.7,31734,2178,2014,17.8
"225",12,49,27469,4012,7.7,29.9,35371,3271,2014,27.2
"226",12,51,38505,5087,10.6,25.3,38494,4364,2014,28.9
"227",12,53,175855,52557,7.9,15.3,40094,45688,2014,18.8
"228",12,55,98236,29986,8.2,19.5,35787,26576,2014,25.1
"229",12,57,1316298,200222,5.8,16.8,50758,164473,2014,17.8
"230",12,59,19650,4685,6.8,26.7,35651,3427,2014,18.9
"231",12,61,144755,42657,7.8,14.7,47548,38513,2014,22.8
"232",12,63,48801,10684,6.4,24.3,36876,8658,2014,16
"233",12,65,14050,3177,6.5,18,40205,2572,2014,17.3
"234",12,67,8835,998,5.2,25.6,38071,788,2014,24.2
"235",12,69,315690,85907,6.4,13.8,46895,119218,2014,20
"236",12,71,679513,159250,6,16,49147,140406,2014,23.5
"237",12,73,283988,36652,5.5,23.3,45463,30684,2014,13.8
"238",12,75,39613,10483,6.9,21.2,37433,7654,2014,22.6
"239",12,77,8360,1267,6.5,24.7,38473,940,2014,18.4
"240",12,79,18518,3906,7.4,27.7,33017,3163,2014,18.4
"241",12,81,351746,82891,5.7,14.1,51673,66059,2014,20.9
"242",12,83,339167,100422,7.3,17.8,39860,86650,2014,21.4
"243",12,85,153392,40641,6.1,12.1,55472,37406,2014,19.9
"244",12,86,2662874,418177,6.8,20.4,42754,370840,2014,25.5
"245",12,87,77136,15316,4.1,14,57411,13551,2014,22.5
"246",12,89,76619,16952,5.8,11.7,56728,14242,2014,14.7
"247",12,91,196512,34858,5.1,12.4,55952,30247,2014,16.5
"248",12,93,39149,7597,7.3,25.9,37065,6942,2014,27.1
"249",12,95,1253001,157008,5.8,18.2,47069,130857,2014,20.2
"250",12,97,310211,46367,6.7,19.3,42945,41298,2014,21.8
"251",12,99,1397710,286114,5.9,14.9,52225,265189,2014,21.2
"252",12,101,485331,112707,6.7,14.7,45219,91210,2014,18.1
"253",12,103,938098,218130,5.8,15.2,45162,186847,2014,17.7
"254",12,105,634638,132554,7.1,18.1,42768,103398,2014,19.6
"255",12,107,72143,17548,8.7,28.5,32054,13515,2014,21.6
"256",12,109,217919,42258,4.7,8.2,66560,39318,2014,13.2
"257",12,111,291028,65756,8,17.3,42722,53935,2014,21
"258",12,113,163422,28512,5.4,11.2,58587,23304,2014,15.1
"259",12,115,396962,121623,5.8,10.8,52109,124882,2014,19.8
"260",12,117,442516,68586,5.6,11.8,56443,53503,2014,15.5
"261",12,119,114350,58076,7.7,10.9,51907,15174,2014,16.1
"262",12,121,44022,10300,6.2,23.7,38177,8158,2014,21
"263",12,123,22582,4528,7,23.4,36374,3509,2014,17.5
"264",12,125,15190,1956,6,24.3,40207,1515,2014,14.8
"265",12,127,507531,127042,6.7,17.7,40881,110204,2014,21.4
"266",12,129,31432,4969,5.2,15.1,51642,4752,2014,14.8
"267",12,131,61530,11987,5.3,15.8,46867,8367,2014,21.7
"268",12,133,24451,5277,6.7,20,36482,3642,2014,19
"269",12,1,259964,39031,4.5,21.1,47023,34905,2015,12.6
"270",12,3,27420,4372,5.4,16.8,50883,3256,2015,11.8
"271",12,5,181635,35182,5.4,16.5,47745,29899,2015,13.8
"272",12,7,26928,5286,4.8,21.3,40879,3709,2015,13.3
"273",12,9,568088,139987,5.9,13.4,50352,120056,2015,13.5
"274",12,11,1896425,290649,5,14,53624,253648,2015,16.5
"275",12,13,14462,2677,6.1,22.2,36062,2086,2015,16.3
"276",12,15,173115,59867,5.9,12.4,45495,48637,2015,16.8
"277",12,17,141058,52799,7.4,17.5,39982,41668,2015,14.9
"278",12,19,203967,35817,4.9,11.6,59244,26456,2015,11.9
"279",12,21,357305,86400,5.2,13.6,62385,81595,2015,23.2
"280",12,23,68348,14151,5.4,19.7,43303,11554,2015,12.5
"281",12,27,35458,6548,6,30.5,34380,5339,2015,25.7
"282",12,29,16203,3928,6.1,29.3,35749,2967,2015,14.3
"283",12,31,913010,143924,5.7,16,49565,118087,2015,13.2
"284",12,33,311003,63786,5.6,15.4,45735,50975,2015,12.7
"285",12,35,105392,31932,6.2,11.7,50347,27384,2015,15.8
"286",12,37,11761,2655,4.6,23.7,38220,2207,2015,17.1
"287",12,39,46036,9374,7,24.5,36637,7188,2015,16.5
"288",12,41,17199,3607,5.5,19.2,39342,2909,2015,18.6
"289",12,43,13670,2285,7.1,22.1,40215,1166,2015,26.2
"290",12,45,15871,3430,5.1,21.9,41320,3032,2015,14.3
"291",12,47,14295,2690,5.1,31.8,33497,2261,2015,14.7
"292",12,49,27502,4122,6.7,25.9,35850,3370,2015,21.8
"293",12,51,39119,5325,10.3,25.8,39320,4519,2015,26
"294",12,53,178439,54036,6.8,14.3,43103,46797,2015,15.6
"295",12,55,99491,30845,7.4,22.9,34691,27290,2015,18.3
"296",12,57,1349050,208116,5,15.8,51710,171754,2015,14.7
"297",12,59,19324,4710,6.2,25.9,35202,3445,2015,16.7
"298",12,61,147919,44824,6.8,13,49887,40314,2015,19.4
"299",12,63,48599,10796,5.8,22.5,36751,8800,2015,13.7
"300",12,65,14081,3257,5.8,19.4,42210,2677,2015,14.1
"301",12,67,8663,1007,4.5,23.8,40345,803,2015,22
"302",12,69,325875,89264,5.4,12.8,49711,123550,2015,14.4
"303",12,71,701982,167152,5,15.9,50713,147878,2015,19.9
"304",12,73,286272,38578,5,21.8,46405,32459,2015,11.4
"305",12,75,39832,10677,5.7,22.1,36005,7881,2015,17.4
"306",12,77,8331,1278,5.7,22.6,39623,951,2015,14.5
"307",12,79,18408,4023,6.2,27,34360,3253,2015,15.7
"308",12,81,363369,86589,5,14.8,50728,69325,2015,18.1
"309",12,83,343254,102954,6.4,18.7,40053,88965,2015,16.6
"310",12,85,156283,41947,5.2,11.2,53459,38684,2015,16.7
"311",12,86,2693117,430071,6.1,20,43687,382005,2015,21.2
"312",12,87,77482,15906,3.5,11.3,58332,14130,2015,20
"313",12,89,78444,17877,5,10.8,55707,15151,2015,12.1
"314",12,91,198664,36112,4.5,11.3,55391,31327,2015,12.6
"315",12,93,39469,7809,6.2,23.2,35787,7138,2015,23.9
"316",12,95,1288126,163910,4.9,15.6,50593,137259,2015,15.7
"317",12,97,323993,49344,5.7,18.5,45127,44331,2015,17.6
"318",12,99,1422789,293296,5,13.5,56638,272030,2015,17.2
"319",12,101,497909,116635,5.8,14.6,46080,94464,2015,14
"320",12,103,949827,224006,4.9,13.6,47591,192133,2015,14.3
"321",12,105,650092,137149,6.2,17.3,44024,106982,2015,15.4
"322",12,107,72023,17916,7.2,27.3,32351,13808,2015,17.2
"323",12,109,226640,45024,3.9,9.8,71896,42298,2015,10.1
"324",12,111,298563,68477,6.2,16.4,45918,56298,2015,18.2
"325",12,113,167040,29846,4.8,12.3,59289,24489,2015,11.7
"326",12,115,405549,126033,5,9.7,55882,129628,2015,15.9
"327",12,117,449144,71271,4.8,11.5,57357,55819,2015,11.9
"328",12,119,118891,62246,7.5,10.1,54592,18012,2015,12
"329",12,121,43760,10437,5.5,23.6,37368,8284,2015,17.5
"330",12,123,22493,4601,6.6,21.2,39116,3577,2015,14.7
"331",12,125,15234,1981,4.8,26.2,41078,1555,2015,10.9
"332",12,127,517887,131585,5.7,16.3,42334,114378,2015,15.5
"333",12,129,31535,5194,4.6,16.5,48703,4937,2015,11.1
"334",12,131,63508,12549,4.6,14.8,47875,8844,2015,17.4
"335",12,133,24687,5353,5.9,24.8,36328,3712,2015,14.9
"336",12,1,263496,40729,4.3,22.3,45294,34001,2016,12.2
"337",12,3,27937,4546,4.9,17.2,51904,3433,2016,11.2
"338",12,5,183974,36344,4.9,14.9,48843,29396,2016,14.5
"339",12,7,26926,5442,4.3,18.6,43058,4326,2016,11.9
"340",12,9,579130,145264,5.2,14.7,51214,124074,2016,13.2
"341",12,11,1909632,303608,4.6,13.5,54055,263589,2016,15.3
"342",12,13,14423,2735,5.7,21.9,36708,2185,2016,14.3
"343",12,15,178465,63048,5.3,12.6,44935,55817,2016,15.6
"344",12,17,143621,54639,6.8,16.6,40009,47190,2016,14.8
"345",12,19,208311,37726,4.5,9.6,57476,31796,2016,10.9
"346",12,21,365136,90610,4.8,11.4,62397,84765,2016,21.6
"347",12,23,69299,14760,4.8,17.8,41667,11640,2016,12.6
"348",12,27,35800,6824,5.2,28.6,34146,5591,2016,23
"349",12,29,16300,3982,5.5,25.4,34146,3116,2016,15.2
"350",12,31,926255,150149,5,14.5,51948,121147,2016,12.8
"351",12,33,315187,65763,4.9,15.2,45004,52657,2016,11.4
"352",12,35,108310,33682,5.5,11.2,50863,29684,2016,15.3
"353",12,37,11901,2754,4.3,23.1,37479,2393,2016,15.2
"354",12,39,46006,9633,6.3,20.6,40865,7408,2016,15.5
"355",12,41,17212,3838,5.1,17.3,41721,3042,2016,15.6
"356",12,43,13970,2418,6.2,21.5,39607,2030,2016,25.7
"357",12,45,15990,3589,4.5,23.5,38381,2989,2016,13.4
"358",12,47,14361,2790,5.6,28.9,34517,2186,2016,14.4
"359",12,49,27360,4227,6.7,23.8,37612,3460,2016,21.1
"360",12,51,39290,5521,9.1,25.1,39911,4433,2016,24.9
"361",12,53,182835,56240,6.1,15.4,46225,46871,2016,14.5
"362",12,55,100917,31670,6.6,19.1,36864,27865,2016,18.5
"363",12,57,1376238,214944,4.5,15,54509,177318,2016,14
"364",12,59,19487,4712,5.4,24.2,41110,3675,2016,15.8
"365",12,61,151563,46846,6.2,12.3,49813,42079,2016,15.6
"366",12,63,48229,11036,5.3,22.6,37358,8561,2016,14
"367",12,65,13906,3366,5.3,18.9,43453,2798,2016,13.3
"368",12,67,8617,1071,4.1,23.3,40653,845,2016,20.3
"369",12,69,335396,93918,4.9,11.8,50125,81231,2016,14.2
"370",12,71,722336,175833,4.6,12.8,52989,156067,2016,17.2
"371",12,73,287822,40476,4.6,19,51041,34402,2016,10.2
"372",12,75,39961,11079,5.2,21.4,33092,8981,2016,17.2
"373",12,77,8202,1324,5.3,23.6,38900,975,2016,14.5
"374",12,79,18224,4140,5.3,31.9,33721,3261,2016,14.5
"375",12,81,375888,91664,4.6,12.7,51770,80779,2016,14.8
"376",12,83,349020,107496,5.8,17.4,39629,91780,2016,15.9
"377",12,85,158701,44620,4.9,11.3,55917,39653,2016,16.3
"378",12,86,2712945,442898,5.4,18.2,45886,392051,2016,19.4
"379",12,87,79077,16546,3.2,11.5,63892,14596,2016,19.7
"380",12,89,80622,19023,4.6,10.3,67967,16326,2016,11.8
"381",12,91,201170,37501,4,10.7,58009,31648,2016,12.1
"382",12,93,40314,8161,5.4,20.2,37689,6549,2016,21.8
"383",12,95,1314367,171664,4.4,16.3,51312,138544,2016,14.9
"384",12,97,336015,52931,5,14.8,50716,40505,2016,15
"385",12,99,1443810,301529,4.8,12.6,57607,277657,2016,16.3
"386",12,101,512368,122994,5.2,13.3,46326,101740,2016,14.8
"387",12,103,960730,232662,4.4,13.3,49974,197513,2016,13.9
"388",12,105,666149,142623,5.6,16.4,46289,117439,2016,15.6
"389",12,107,72277,18484,6.3,21.5,37526,14695,2016,16.5
"390",12,109,235087,47959,3.7,7.7,78544,42752,2016,9.6
"391",12,111,306507,71788,5.7,17,45509,60748,2016,17.9
"392",12,113,170497,31448,4.5,10.6,62668,25740,2016,11.1
"393",12,115,412569,131534,4.6,10.8,55088,120352,2016,15.7
"394",12,117,455479,74437,4.3,11.4,61253,63669,2016,12.1
"395",12,119,123996,66553,7,10.5,56568,62576,2016,11.7
"396",12,121,43794,10694,4.9,20.4,40572,8740,2016,17.5
"397",12,123,22175,4735,5.5,22.5,40180,3812,2016,14.1
"398",12,125,15142,2048,4.4,24.7,43795,1545,2016,11.5
"399",12,127,529364,137330,5.1,14.2,45356,117371,2016,14.8
"400",12,129,31893,5525,4.1,13.1,56158,4522,2016,11.7
"401",12,131,65889,13405,4.3,13.1,54686,11293,2016,17.6
"402",12,133,24569,5389,5.2,22.8,34787,4190,2016,15
"403",12,1,266944,42840,3.7,21.2,45230,35453,2017,11.9
"404",12,3,28283,4808,4.1,15.3,51856,3571,2017,12
"405",12,5,183563,38209,4.1,14.9,51633,30400,2017,14.8
"406",12,7,27038,5626,3.6,19.1,44997,4406,2017,13.3
"407",12,9,589162,151331,4.2,12.4,52596,127329,2017,13
"408",12,11,1935878,317609,3.9,13.1,56702,272414,2017,16.9
"409",12,13,14483,2855,4.9,21.1,37612,2239,2017,15.2
"410",12,15,182033,66875,4.6,10.8,51583,57920,2017,17.1
"411",12,17,145647,57115,5.8,14.4,43147,48381,2017,15.4
"412",12,19,212230,40520,3.8,9.9,65375,33485,2017,11.4
"413",12,21,372880,96075,4.1,11.7,66709,88256,2017,22.8
"414",12,23,69612,15492,4.3,16.5,42097,12004,2017,12.4
"415",12,27,36862,7147,4.4,26.1,37342,5737,2017,23.1
"416",12,29,16673,4116,4.6,24.4,38355,3165,2017,15.8
"417",12,31,937934,157940,4.1,15.1,52105,126569,2017,13.2
"418",12,33,313512,68406,4.1,16.4,48289,54300,2017,11.4
"419",12,35,110510,35786,4.7,12,52713,30949,2017,14.7
"420",12,37,11727,2915,3.6,21.3,40158,2488,2017,17.7
"421",12,39,46071,10071,5.3,23.1,38084,7680,2017,16.3
"422",12,41,17743,3983,4.2,16.1,42880,3142,2017,15.5
"423",12,43,13754,2549,5.2,18.9,42865,2093,2017,25.9
"424",12,45,16160,3807,3.9,21.6,44135,3118,2017,13.5
"425",12,47,14184,2893,4.8,24,35262,2231,2017,15.1
"426",12,49,27411,4492,5.5,23.3,40056,3585,2017,20
"427",12,51,40347,5822,7.2,23.9,38361,4556,2017,26.9
"428",12,53,186553,58801,5.1,14,44710,48037,2017,15.8
"429",12,55,102883,32988,5.6,19.8,37445,28290,2017,18.5
"430",12,57,1408566,226575,3.8,15.5,54741,184823,2017,14.3
"431",12,59,19558,4870,4.8,21.2,40657,3718,2017,15.7
"432",12,61,154383,49983,5,10.6,51797,43976,2017,16.9
"433",12,63,48330,11339,4.4,18,41524,8710,2017,15.2
"434",12,65,14144,3510,4.3,17.7,48163,2918,2017,13.6
"435",12,67,8451,1099,3.7,22.7,41549,871,2017,19.8
"436",12,69,346017,100157,4.1,12.6,51429,85041,2017,15.5
"437",12,71,739224,186349,4,11.8,54198,162641,2017,18.6
"438",12,73,290292,42765,3.9,18,51716,36016,2017,10.8
"439",12,75,40355,11620,4.3,20.8,37272,9246,2017,18
"440",12,77,8242,1382,4.5,23,41308,1007,2017,14.7
"441",12,79,18449,4306,4.4,28.3,37256,3361,2017,14.2
"442",12,81,385571,97444,3.9,10.8,55189,84439,2017,16.1
"443",12,83,354353,112562,5,16.2,43772,94424,2017,15.4
"444",12,85,159923,46404,4.1,10.9,58344,40510,2017,17
"445",12,86,2751796,457469,4.8,16.7,49758,402957,2017,20
"446",12,87,77013,17570,3.3,11.8,63009,14946,2017,20.3
"447",12,89,82721,20347,3.8,9.1,70590,17351,2017,12.5
"448",12,91,202970,39651,3.4,10.9,60798,32907,2017,13.5
"449",12,93,41605,8471,4.2,21.8,42524,6652,2017,22.5
"450",12,95,1348975,183476,3.6,15.3,54021,145565,2017,15.7
"451",12,97,352180,58485,4.2,14,49284,43747,2017,16.2
"452",12,99,1471150,313911,4.1,11.8,60059,285148,2017,17.4
"453",12,101,525643,129812,4.4,13,51247,105018,2017,14.9
"454",12,103,970637,242033,3.7,12.2,51488,203105,2017,14.3
"455",12,105,686483,151105,4.6,16.1,48328,122265,2017,15.8
"456",12,107,73464,19323,5.3,26.3,34390,15177,2017,17.2
"457",12,109,243812,51725,3.3,8.3,77022,45431,2017,10.6
"458",12,111,313506,76213,5.1,12.8,49995,63379,2017,16.9
"459",12,113,174272,33499,3.8,10.2,65434,27048,2017,12.5
"460",12,115,419119,138627,3.8,9.2,58423,124764,2017,16.3
"461",12,117,462659,78899,3.6,11.2,63865,66200,2017,10.1
"462",12,119,125165,70452,6,9.1,57931,65129,2017,11.9
"463",12,121,44190,11113,4.3,20.3,44144,8932,2017,17.2
"464",12,123,21833,4897,4.5,23.8,41557,3930,2017,14.9
"465",12,125,15517,2145,3.6,22.2,47373,1600,2017,12.7
"466",12,127,538692,143715,4.3,15.2,46911,121312,2017,14.6
"467",12,129,32120,5940,3.5,12.9,55717,4780,2017,12.4
"468",12,131,68376,14566,3.6,15.9,52922,12004,2017,17.6
"469",12,133,24567,5567,4.3,21.1,36052,4212,2017,16.6
"470",12,1,269956,45942,3.3,19.8,51026,37003,2018,11.6
"471",12,3,28355,5132,3.4,15.4,52804,3718,2018,11.5
"472",12,5,185287,40969,4,13.4,51777,31009,2018,15
"473",12,7,27732,5994,3.3,19.5,45075,4507,2018,13.5
"474",12,9,596849,160561,3.5,11,57612,130846,2018,13.4
"475",12,11,1951260,339035,3.4,12.6,57200,280551,2018,16.8
"476",12,13,14587,2987,4.1,21.3,38323,2294,2018,14.9
"477",12,15,184998,72501,4,11.1,52724,59725,2018,15.9
"478",12,17,147929,61190,5.2,15.2,41556,49825,2018,15.3
"479",12,19,216072,44339,3.3,8.8,62835,35194,2018,12.4
"480",12,21,378488,103980,3.4,10.6,70649,91257,2018,22.6
"481",12,23,70503,16625,3.7,17.3,46195,12556,2018,13.2
"482",12,27,37489,7750,3.8,26.1,37233,5852,2018,24.6
"483",12,29,16700,4377,4.2,24.7,37148,3175,2018,15.9
"484",12,31,950181,168772,3.6,14.5,55733,131961,2018,14.2
"485",12,33,315534,72412,3.5,14.7,50644,56054,2018,12.9
"486",12,35,112067,38818,4,10.3,58975,32153,2018,15.2
"487",12,37,11736,3192,3.5,22.8,40297,2615,2018,17.1
"488",12,39,45894,10708,4.6,23.6,42259,8007,2018,15.4
"489",12,41,18256,4265,3.8,16.8,42186,3247,2018,16.1
"490",12,43,13724,2791,4,20.1,38680,2152,2018,25.9
"491",12,45,16164,4124,4.4,20.3,45426,3216,2018,12.7
"492",12,47,14310,3066,4.2,27.6,36299,2285,2018,14.9
"493",12,49,27245,4765,5.3,27,39169,3646,2018,19
"494",12,51,41556,6311,6.1,24,44391,4747,2018,27.2
"495",12,53,190865,62695,4.5,14.1,45884,48824,2018,15.7
"496",12,55,105424,35358,4.8,20.8,39994,28728,2018,19.4
"497",12,57,1436888,243599,3.4,14.7,58361,192164,2018,14.7
"498",12,59,19477,5142,4,23.9,38040,3795,2018,17.4
"499",12,61,157413,54244,4.3,10.7,58228,45894,2018,18.2
"500",12,63,48305,11797,4,23.5,39545,8889,2018,14.8
"501",12,65,14288,3750,3.7,17.9,46332,3038,2018,14
"502",12,67,8732,1166,3.2,21,42689,888,2018,19.4
"503",12,69,356495,109243,3.5,11.5,52447,88629,2018,15.3
"504",12,71,754610,201905,3.4,12.1,56343,168556,2018,19.3
"505",12,73,292502,46138,3.3,20.7,51046,37880,2018,11.7
"506",12,75,40770,12577,3.8,16.1,39037,9585,2018,18.1
"507",12,77,8457,1439,3.8,23.8,40814,1030,2018,13.7
"508",12,79,18529,4544,3.9,22.8,38249,3504,2018,15.3
"509",12,81,394855,105708,3.4,10.4,59587,87928,2018,17.1
"510",12,83,359977,120523,4.3,15.1,44517,97250,2018,17.6
"511",12,85,160912,49510,3.5,10.7,61592,41443,2018,16
"512",12,86,2761581,479710,3.9,16,52043,413798,2018,19.5
"513",12,87,75027,19255,2.6,12,67094,15148,2018,19.6
"514",12,89,85832,22208,3.2,10.4,66898,18385,2018,11.3
"515",12,91,207269,42952,2.9,12.7,62779,34021,2018,13.2
"516",12,93,41537,9048,3.7,21.5,42258,6771,2018,22.3
"517",12,95,1380645,199305,3.2,15.6,58037,150917,2018,14.8
"518",12,97,367990,65381,3.6,13.4,50473,45691,2018,15.1
"519",12,99,1485941,332695,3.6,12.2,61735,291267,2018,17.9
"520",12,101,539630,139976,3.8,12.6,53788,107722,2018,14.8
"521",12,103,975280,256538,3.3,11.7,52226,207895,2018,15.2
"522",12,105,708009,162817,4.1,15.7,51354,126253,2018,15.4
"523",12,107,74163,20511,4.8,18.8,39578,15604,2018,18.1
"524",12,109,254261,57143,2.9,6.6,81925,48427,2018,10.8
"525",12,111,321128,82496,4.4,12.1,53377,66034,2018,17.9
"526",12,113,179349,36450,3.3,9.5,69541,28403,2018,11.9
"527",12,115,426718,149430,3.4,10.3,61652,129240,2018,16.6
"528",12,117,467832,85484,3.2,9.9,67187,68500,2018,12.6
"529",12,119,128754,76385,5.1,9.3,55324,67984,2018,12.1
"530",12,121,44191,11787,3.7,19.3,38525,9139,2018,18.1
"531",12,123,21623,5135,3.8,21.6,42307,4017,2018,14.2
"532",12,125,14940,2278,3.4,20.6,45906,1670,2018,13.6
"533",12,127,547538,153435,3.7,13.2,50285,124946,2018,15.6
"534",12,129,32461,6439,3.1,11.9,58203,5057,2018,12.4
"535",12,131,71375,16267,3.1,11.4,60973,12785,2018,16.9
"536",12,133,24880,5909,3.8,22.8,39225,4352,2018,15.7
